ccddd,district,county_code,district_code,county
1109,Washtucna School District,1,109,Adams
1122,Benge School District,1,122,Adams
1147,Othello School District,1,147,Adams
1158,Lind School District,1,158,Adams
1160,Ritzville School District,1,160,Adams
2250,Clarkston School District,2,250,Asotin
2420,Asotin-Anatone School District,2,420,Asotin
3017,Kennewick School District,3,17,Benton
3050,Paterson School District,3,50,Benton
3052,Kiona-Benton City School District,3,52,Benton
3053,Finley School District,3,53,Benton
3116,Prosser School District,3,116,Benton
3400,Richland School District,3,400,Benton
4019,Manson School District,4,19,Chelan
4069,Stehekin School District,4,69,Chelan
4127,Entiat School District,4,127,Chelan
4129,Lake Chelan School District,4,129,Chelan
4222,Cashmere School District,4,222,Chelan
4228,Cascade School District,4,228,Chelan
4246,Wenatchee School District,4,246,Chelan
4901,Pinnacles Prep,4,901,Chelan
5121,Port Angeles School District,5,121,Clallam
5313,Crescent School District,5,313,Clallam
5323,Sequim School District,5,323,Clallam
5401,Cape Flattery School District,5,401,Clallam
5402,Quillayute Valley School District,5,402,Clallam
6037,Vancouver School District,6,37,Clark
6098,Hockinson School District,6,98,Clark
6101,La Center School District,6,101,Clark
6103,Green Mountain School District,6,103,Clark
6112,Washougal School District,6,112,Clark
6114,Evergreen School District (Clark),6,114,Clark
6117,Camas School District,6,117,Clark
6119,Battle Ground School District,6,119,Clark
6122,Ridgefield School District,6,122,Clark
6901,Rooted School Vancouver,6,901,Clark
7002,Dayton School District,7,2,Columbia
7035,Starbuck School District,7,35,Columbia
8122,Longview School District,8,122,Cowlitz
8130,Toutle Lake School District,8,130,Cowlitz
8401,Castle Rock School District,8,401,Cowlitz
8402,Kalama School District,8,402,Cowlitz
8404,Woodland School District,8,404,Cowlitz
8458,Kelso School District,8,458,Cowlitz
9013,Orondo School District,9,13,Douglas
9075,Bridgeport School District,9,75,Douglas
9102,Palisades School District,9,102,Douglas
9206,Eastmont School District,9,206,Douglas
9207,Mansfield School District,9,207,Douglas
9209,Waterville School District,9,209,Douglas
10003,Keller School District,10,3,Ferry
10050,Curlew School District,10,50,Ferry
10065,Orient School District,10,65,Ferry
10070,Inchelium School District,10,70,Ferry
10309,Republic School District,10,309,Ferry
11001,Pasco School District,11,1,Franklin
11051,North Franklin School District,11,51,Franklin
11054,Star School District No. 054,11,54,Franklin
11056,Kahlotus School District,11,56,Franklin
12110,Pomeroy School District,12,110,Garfiled
13073,Wahluke School District,13,73,Grant
13144,Quincy School District,13,144,Grant
13146,Warden School District,13,146,Grant
13151,Coulee-Hartline School District,13,151,Grant
13156,Soap Lake School District,13,156,Grant
13160,Royal School District,13,160,Grant
13161,Moses Lake School District,13,161,Grant
13165,Ephrata School District,13,165,Grant
13167,Wilson Creek School District,13,167,Grant
13301,Grand Coulee Dam School District,13,301,Grant
14005,Aberdeen School District,14,5,Garys Harbor
14028,Hoquiam School District,14,28,Garys Harbor
14064,North Beach School District,14,64,Garys Harbor
14065,McCleary School District,14,65,Garys Harbor
14066,Montesano School District,14,66,Garys Harbor
14068,Elma School District,14,68,Garys Harbor
14077,Taholah School District,14,77,Garys Harbor
14097,Lake Quinault School District,14,97,Garys Harbor
14099,Cosmopolis School District,14,99,Garys Harbor
14104,Satsop School District,14,104,Garys Harbor
14117,Wishkah Valley School District,14,117,Garys Harbor
14172,Ocosta School District,14,172,Garys Harbor
14400,Oakville School District,14,400,Garys Harbor
15201,Oak Harbor School District,15,201,Island
15204,Coupeville School District,15,204,Island
15206,South Whidbey School District,15,206,Island
16020,Queets-Clearwater School District,16,20,Jefferson
16046,Brinnon School District,16,46,Jefferson
16048,Quilcene School District,16,48,Jefferson
16049,Chimacum School District,16,49,Jefferson
16050,Port Townsend School District,16,50,Jefferson
17001,Seattle Public Schools,17,2,King
17210,Federal Way School District,17,210,King
17216,Enumclaw School District,17,216,King
17400,Mercer Island School District,17,400,King
17401,Highline School District,17,401,King
17402,Vashon Island School District,17,402,King
17403,Renton School District,17,403,King
17404,Skykomish School District,17,404,King
17405,Bellevue School District,17,405,King
17406,Tukwila School District,17,406,King
17407,Riverview School District,17,407,King
17408,Auburn School District,17,408,King
17409,Tahoma School District,17,409,King
17410,Snoqualmie Valley School District,17,410,King
17411,Issaquah School District,17,411,King
17412,Shoreline School District,17,412,King
17414,Lake Washington School District,17,414,King
17415,Kent School District,17,415,King
17417,Northshore School District,17,417,King
17901,First Place Scholars,17,901,King
17902,Summit Public School: Sierra,17,902,King
17905,Summit Public School: Atlas,17,905,King
17906,Green Dot Excel,17,906,King
17908,Rainier Prep Charter School District,17,908,King
17910,Rainier Valley Leadership Academy,17,910,King
17911,Impact Public Schools,17,911,King
17916,Impact-Salish Sea Elementary,17,916,King
17917,Why Not You Academy (Formerly Cascade: Midway charter),17,917,King
17999,Impact | Black River Elementary,17,999,King
18100,Bremerton School District,18,100,Kitsap
18303,Bainbridge Island School District,18,303,Kitsap
18400,North Kitsap School District,18,400,Kitsap
18401,Central Kitsap School District,18,401,Kitsap
18402,South Kitsap School District,18,402,Kitsap
18901,Catalyst Public Schools,18,901,Kitsap
19007,Damman School District,19,7,Kittitas
19028,Easton School District,19,28,Kittitas
19400,Thorp School District,19,400,Kittitas
19401,Ellensburg School District,19,401,Kittitas
19403,Kittitas School District,19,403,Kittitas
19404,Cle Elum-Roslyn School District,19,404,Kittitas
20094,Wishram School District,20,94,Klickitat
20203,Bickleton School District,20,203,Klickitat
20215,Centerville School District,20,215,Klickitat
20400,Trout Lake School District,20,400,Klickitat
20401,Glenwood School District,20,401,Klickitat
20402,Klickitat School District,20,402,Klickitat
20403,Roosevelt School District,20,403,Klickitat
20404,Goldendale School District,20,404,Klickitat
20405,White Salmon Valley School District,20,405,Klickitat
20406,Lyle School District,20,406,Klickitat
21014,Napavine School District,21,14,Lewis
21036,Evaline School District,21,36,Lewis
21206,Mossyrock School District,21,206,Lewis
21214,Morton School District,21,214,Lewis
21226,Adna School District,21,226,Lewis
21232,Winlock School District,21,232,Lewis
21234,Boistfort School District,21,234,Lewis
21237,Toledo School District,21,237,Lewis
21300,Onalaska School District,21,300,Lewis
21301,Pe Ell School District,21,301,Lewis
21302,Chehalis School District,21,302,Lewis
21303,White Pass School District,21,303,Lewis
21401,Centralia School District,21,401,Lewis
22008,Sprague School District,22,8,Lincoln
22009,Reardan-Edwall School District,22,9,Lincoln
22017,Almira School District,22,17,Lincoln
22073,Creston School District,22,73,Lincoln
22105,Odessa School District,22,105,Lincoln
22200,Wilbur School District,22,200,Lincoln
22204,Harrington School District,22,204,Lincoln
22207,Davenport School District,22,207,Lincoln
23042,Southside School District,23,42,Mason
23054,Grapeview School District,23,54,Mason
23309,Shelton School District,23,309,Mason
23311,Mary M Knight School District,23,311,Mason
23402,Pioneer School District,23,402,Mason
23403,North Mason School District,23,403,Mason
23404,Hood Canal School District,23,404,Mason
24014,Nespelem School District #14,24,14,Okanogan
24019,Omak School District,24,19,Okanogan
24105,Okanogan School District,24,105,Okanogan
24111,Brewster School District,24,111,Okanogan
24122,Pateros School District,24,122,Okanogan
24350,Methow Valley School District,24,350,Okanogan
24404,Tonasket School District,24,404,Okanogan
24410,Oroville School District,24,410,Okanogan
25101,Ocean Beach School District,25,101,Pacific
25116,Raymond School District,25,116,Pacific
25118,South Bend School District,25,118,Pacific
25155,Naselle-Grays River Valley School District,25,155,Pacific
25160,Willapa Valley School District,25,160,Pacific
25200,North River School District,25,200,Pacific
26056,Newport School District,26,56,Pend Oreille
26059,Cusick School District,26,59,Pend Oreille
26070,Selkirk School District,26,70,Pend Oreille
27001,Steilacoom Hist. School District,27,3,Pierce
27003,Puyallup School District,27,6,Pierce
27010,Tacoma School District,27,10,Pierce
27019,Carbonado School District,27,19,Pierce
27083,University Place School District,27,83,Pierce
27320,Sumner School District,27,320,Pierce
27343,Dieringer School District,27,343,Pierce
27344,Orting School District,27,344,Pierce
27400,Clover Park School District,27,400,Pierce
27401,Peninsula School District,27,401,Pierce
27402,Franklin Pierce School District,27,402,Pierce
27403,Bethel School District,27,403,Pierce
27404,Eatonville School District,27,404,Pierce
27416,White River School District,27,416,Pierce
27417,Fife School District,27,417,Pierce
27902,Impact-Commencement Bay Elementary,27,902,Pierce
27904,Green Dot Destiny,27,904,Pierce
27905,Summit Public School: Olympus,27,905,Pierce
27909,SOAR Academy,27,909,Pierce
28010,Shaw Island School District,28,10,San Juan
28137,Orcas Island School District,28,137,San Juan
28144,Lopez School District,28,144,San Juan
28149,San Juan Island School District,28,149,San Juan
29011,Concrete School District,29,11,Skagit
29100,Burlington-Edison School District,29,100,Skagit
29101,Sedro-Woolley School District,29,101,Skagit
29103,Anacortes School District,29,103,Skagit
29311,La Conner School District,29,311,Skagit
29317,Conway School District,29,317,Skagit
29320,Mount Vernon School District,29,320,Skagit
30002,Skamania School District,30,2,Skamania
30029,Mount Pleasant School District,30,29,Skamania
30031,Mill A School District,30,31,Skamania
30303,Stevenson-Carson School District,30,303,Skamania
31002,Everett School District,31,2,Snohomish
31004,Lake Stevens School District,31,4,Snohomish
31006,Mukilteo School District,31,6,Snohomish
31015,Edmonds School District,31,15,Snohomish
31016,Arlington School District,31,16,Snohomish
31025,Marysville School District,31,25,Snohomish
31063,Index School District,31,63,Snohomish
31103,Monroe School District,31,103,Snohomish
31201,Snohomish School District,31,201,Snohomish
31306,Lakewood School District,31,306,Snohomish
31311,Sultan School District,31,311,Snohomish
31330,Darrington School District,31,330,Snohomish
31332,Granite Falls School District,31,332,Snohomish
31401,Stanwood-Camano School District,31,401,Snohomish
32081,Spokane School District,32,81,Spokane
32123,Orchard Prairie School District,32,123,Spokane
32312,Great Northern School District,32,312,Spokane
32325,Nine Mile Falls School District,32,325,Spokane
32326,Medical Lake School District,32,326,Spokane
32354,Mead School District,32,354,Spokane
32356,Central Valley School District,32,356,Spokane
32358,Freeman School District,32,358,Spokane
32360,Cheney School District,32,360,Spokane
32361,East Valley School District (Spokane),32,361,Spokane
32362,Liberty School District,32,362,Spokane
32363,West Valley School District (Spokane),32,363,Spokane
32414,Deer Park School District,32,414,Spokane
32416,Riverside School District,32,416,Spokane
32901,Spokane International Academy,32,901,Spokane
32903,Lumen High School,32,903,Spokane
32907,PRIDE Prep Charter School District,32,907,Spokane
33030,Onion Creek School District,33,30,Stevens
33036,Chewelah School District,33,36,Stevens
33049,Wellpinit School District,33,49,Stevens
33070,Valley School District,33,70,Stevens
33115,Colville School District,33,115,Stevens
33183,Loon Lake School District,33,183,Stevens
33202,Summit Valley School District,33,202,Stevens
33205,Evergreen School District (Stevens),33,205,Stevens
33206,Columbia (Stevens) School District,33,206,Stevens
33207,Mary Walker School District,33,207,Stevens
33211,Northport School District,33,211,Stevens
33212,Kettle Falls School District,33,212,Stevens
34002,Yelm School District,34,3,Thurston
34003,North Thurston Public Schools,34,5,Thurston
34033,Tumwater School District,34,33,Thurston
34111,Olympia School District,34,111,Thurston
34307,Rainier School District,34,307,Thurston
34324,Griffin School District,34,324,Thurston
34401,Rochester School District,34,401,Thurston
34402,Tenino School District,34,402,Thurston
35200,Wahkiakum School District,35,200,Wahikiakum
36101,Dixie School District,36,101,Walla Walla
36140,Walla Walla Public Schools,36,140,Walla Walla
36250,College Place School District,36,250,Walla Walla
36300,Touchet School District,36,300,Walla Walla
36400,Columbia (Walla Walla) School District,36,400,Walla Walla
36401,Waitsburg School District,36,401,Walla Walla
36402,Prescott School District,36,402,Walla Walla
36901,Innovation/Willow Public Charter School,36,901,Walla Walla
37501,Bellingham School District,37,501,Whatcom
37502,Ferndale School District,37,502,Whatcom
37503,Blaine School District,37,503,Whatcom
37504,Lynden School District,37,504,Whatcom
37505,Meridian School District,37,505,Whatcom
37506,Nooksack Valley School District,37,506,Whatcom
37507,Mount Baker School District,37,507,Whatcom
37902,Whatcom Intergenerational High School,37,902,Whatcom
38126,LaCrosse School District,38,126,Whitman
38264,Lamont School District,38,264,Whitman
38265,Tekoa School District,38,265,Whitman
38267,Pullman School District,38,267,Whitman
38300,Colfax School District,38,300,Whitman
38301,Palouse School District,38,301,Whitman
38302,Garfield School District,38,302,Whitman
38304,Steptoe School District,38,304,Whitman
38306,Colton School District,38,306,Whitman
38308,Endicott School District,38,308,Whitman
38320,Rosalia School District,38,320,Whitman
38322,St. John School District,38,322,Whitman
38324,Oakesdale School District,38,324,Whitman
38901,Pullman Community Montessori,38,901,Whitman
39002,Union Gap School District,39,2,Yakima
39003,Naches Valley School District,39,4,Yakima
39007,Yakima School District,39,7,Yakima
39090,East Valley School District (Yakima),39,90,Yakima
39119,Selah School District,39,119,Yakima
39120,Mabton School District,39,120,Yakima
39200,Grandview School District,39,200,Yakima
39201,Sunnyside School District,39,201,Yakima
39202,Toppenish School District,39,202,Yakima
39203,Highland School District,39,203,Yakima
39204,Granger School District,39,204,Yakima
39205,Zillah School District,39,205,Yakima
39207,Wapato School District,39,207,Yakima
39208,West Valley School District (Yakima),39,208,Yakima
39209,Mount Adams School District,39,209,Yakima
