program f196,activity,duty name,Head Department,Sub Department 1,Department,COUNTUNIQUE of grouping - head-top,COUNTUNIQUE of grouping - head-only,COUNTUNIQUE of grouping - all,,,
Districtwide Support,Board of Directors,Director or Supervisor,Internal Audit & Ethics,Internal Audit & Ethics,Internal Audit & Ethics,1,1,1,0,0,0
Districtwide Support,Board of Directors,Director or Supervisor,Public Affairs,Board Relations Strategic Initiatives & Policy,Board Relations Strategic Initiatives & Policy,1,1,1,0,0,0
Districtwide Support,Board of Directors,Professional,Superintendent,Superintendent,Superintendent,1,1,1,0,0,0
Districtwide Support,Building and Property Security,Director or Supervisor,Well Resourced Schools,School Security,School Operations,1,1,1,,,
Districtwide Support,Building and Property Security,Service Worker,Well Resourced Schools,School Security,School Operations,1,1,1,,,
Districtwide Support,Business Office,Director or Supervisor,General Counsel,Risk Management,Risk Management,1,1,1,,,
Districtwide Support,Business Office,Director or Supervisor,Operations,Purchasing,Finance,1,1,1,0,0,0
Districtwide Support,Business Office,Director or Supervisor,Operations,Payroll,Finance,1,1,1,0,0,0
Districtwide Support,Business Office,Director or Supervisor,Operations,Finance,Finance,1,1,1,0,0,0
Districtwide Support,Business Office,Director or Supervisor,Operations,Budget,Finance,1,1,1,,,
Districtwide Support,Business Office,Director or Supervisor,Operations,Accounting,Finance,1,1,1,,,
Districtwide Support,Business Office,Office or Clerical,Operations,Purchasing,Finance,1,1,1,,,
Districtwide Support,Business Office,Office or Clerical,Operations,Accounting,Finance,1,1,1,,,
Districtwide Support,Business Office,Professional,Operations,Purchasing,Finance,1,1,1,,,
Districtwide Support,Business Office,Professional,Operations,Payroll,Finance,1,1,1,,,
Districtwide Support,Business Office,Professional,Operations,Grants,Finance,1,1,1,,,
Districtwide Support,Business Office,Professional,Operations,Budget,Finance,1,1,1,,,
Districtwide Support,Business Office,Professional,Operations,Accounting,Finance,1,1,1,,,
Districtwide Support,Business Office,Technical,Operations,Payroll,Finance,1,1,1,,,
Districtwide Support,Grounds Maintenance,Service Worker,Operations,Grounds/Sports Complexes,Facilities Operations,1,1,1,,,
Districtwide Support,Human Resources,Director or Supervisor,HR,HR Operations,HR,1,1,1,,,
Districtwide Support,Human Resources,Director or Supervisor,HR,HR,HR,1,1,1,,,
Districtwide Support,Human Resources,Director or Supervisor,HR,Employee Labor Relations,HR,1,1,1,,,
Districtwide Support,Human Resources,Office or Clerical,HR,HR,HR,1,1,1,,,
Districtwide Support,Human Resources,Professional,HR,HR Operations,HR,1,1,1,,,
Districtwide Support,Human Resources,Professional,HR,HR,HR,1,1,1,,,
Districtwide Support,Human Resources,Professional,HR,Employee Labor Relations,HR,1,1,1,,,
Districtwide Support,Informational Systems,Director or Supervisor,Operations,Technology Support,Technology,1,1,1,,,
Districtwide Support,Informational Systems,Director or Supervisor,Operations,Technology,Technology,1,1,1,,,
Districtwide Support,Informational Systems,Director or Supervisor,Operations,Systems Engineer,Technology,1,1,1,,,
Districtwide Support,Informational Systems,Director or Supervisor,Operations,Information Systems & BI,Technology,1,1,1,,,
Districtwide Support,Informational Systems,Office or Clerical,Operations,Technology,Technology,1,1,1,,,
Districtwide Support,Informational Systems,Professional,Operations,Technology Support,Technology,1,1,1,,,
Districtwide Support,Informational Systems,Professional,Operations,Systems Operations,Technology,1,1,1,,,
Districtwide Support,Informational Systems,Professional,Operations,Network Operations,Technology,1,1,1,,,
Districtwide Support,Informational Systems,Professional,Operations,Information Systems & BI,Technology,1,1,1,,,
Districtwide Support,Informational Systems,Technical,Operations,Technology Support,Technology,1,1,1,,,
Districtwide Support,Maintenance,Crafts or Trades,Operations,Maintenance,Facilities Operations,1,1,1,,,
Districtwide Support,Maintenance,Crafts or Trades,Operations,Facilities Operations Administrative,Facilities Operations,1,1,1,,,
Districtwide Support,Maintenance,Professional,Operations,Self-Help,Facilities Operations,1,1,1,,,
Districtwide Support,Maintenance,Professional,Operations,Maintenance,Facilities Operations,1,1,1,,,
Districtwide Support,Maintenance,Professional,Operations,Facilities Operations Administrative,Facilities Operations,1,1,1,,,
Districtwide Support,Maintenance,Service Worker,Operations,Self-Help,Facilities Operations,1,1,1,,,
Districtwide Support,Maintenance,Technical,Operations,Facilities Operations Administrative,Facilities Operations,1,1,1,,,
Districtwide Support,Operations of Buildings,Crafts or Trades,Operations,Facilities Operations Administrative,Facilities Operations,1,1,1,,,
Districtwide Support,Operations of Buildings,Director or Supervisor,Operations,Facilities Operations,Facilities Operations,1,1,1,,,
Districtwide Support,Operations of Buildings,Professional,Operations,Custodial Services,Facilities Operations,1,1,1,,,
Districtwide Support,Operations of Buildings,Service Worker,Operations,Maintenance,Facilities Operations,1,1,1,,,
Districtwide Support,Operations of Buildings,Service Worker,Operations,Custodial Services,Facilities Operations,1,1,1,,,
Districtwide Support,Printing,Director or Supervisor,Operations,Publishing Services,Technology,1,1,1,,,
Districtwide Support,Printing,Professional,Operations,Publishing Services,Technology,1,1,1,,,
Districtwide Support,Public Relations,Director or Supervisor,Public Affairs,Customer Service,Customer Service,1,1,1,,,
Districtwide Support,Public Relations,Director or Supervisor,Public Affairs,Chief of Staff Public Affairs,Chief of Staff Public Affairs,1,1,1,,,
Districtwide Support,Public Relations,Office or Clerical,Public Affairs,Customer Service,Customer Service,1,1,1,,,
Districtwide Support,Public Relations,Office or Clerical,Public Affairs,Chief of Staff Public Affairs,Chief of Staff Public Affairs,1,1,1,,,
Districtwide Support,Public Relations,Professional,Public Affairs,Customer Service,Customer Service,1,1,1,,,
Districtwide Support,Public Relations,Professional,Public Affairs,Communications/Media Relations,Communications & Web,1,1,1,,,
Districtwide Support,Pupil Management and Safety,Director or Supervisor,HR,Office of Civil Rights,HR,1,1,1,,,
Districtwide Support,Pupil Management and Safety,Professional,Chief Academics Office,Coordinated School Health,Student & School Support,1,1,1,,,
Districtwide Support,Pupil Management and Safety,Professional,HR,Office of Civil Rights,HR,1,1,1,,,
Districtwide Support,Superintendent's Office,Director or Supervisor,General Counsel,General Counsel,General Counsel,1,1,1,,,
Districtwide Support,Superintendent's Office,Director or Supervisor,General Counsel,Archives,Archives,1,1,1,,,
Districtwide Support,Superintendent's Office,Director or Supervisor,Well Resourced Schools,Enrollment,Enrollment,1,1,1,,,
Districtwide Support,Superintendent's Office,Office or Clerical,General Counsel,Public Records,Public Records,1,1,1,,,
Districtwide Support,Superintendent's Office,Office or Clerical,General Counsel,Archives,Archives,1,1,1,,,
Districtwide Support,Superintendent's Office,Office or Clerical,Well Resourced Schools,Admissions,Enrollment,1,1,1,,,
Districtwide Support,Superintendent's Office,Professional,General Counsel,Public Records,Public Records,1,1,1,,,
Districtwide Support,Superintendent's Office,Professional,General Counsel,General Counsel,General Counsel,1,1,1,,,
Districtwide Support,Superintendent's Office,Professional,Well Resourced Schools,Admissions,Enrollment,1,1,1,,,
Districtwide Support,Superintendent's Office,Superintendent,Superintendent,Superintendent,Superintendent,1,1,1,,,
Districtwide Support,Supervision - Maintenance and Operations,Director or Supervisor,Operations,Maintenance,Facilities Operations,1,1,1,,,
Districtwide Support,Supervision - Maintenance and Operations,Director or Supervisor,Operations,Facilities Operations Administrative,Facilities Operations,1,1,1,,,
Districtwide Support,Supervision - Maintenance and Operations,Director or Supervisor,Operations,Facilities Operations,Facilities Operations,1,1,1,,,
Districtwide Support,Supervision - Maintenance and Operations,Director or Supervisor,Operations,Custodial Services,Facilities Operations,1,1,1,,,
Districtwide Support,Supervision - Maintenance and Operations,Office or Clerical,Operations,Operations,Operations,1,1,1,,,
Districtwide Support,Supervision - Maintenance and Operations,Office or Clerical,Operations,Finance,Finance,1,1,1,,,
Districtwide Support,Supervision - Maintenance and Operations,Office or Clerical,Operations,Facilities Operations Administrative,Facilities Operations,1,1,1,,,
Districtwide Support,Utilities,Professional,Operations,Technology Infrastructure,Technology,1,1,1,,,
Districtwide Support,Utilities,Professional,Operations,Network Operations,Technology,1,1,1,,,
Districtwide Support,Utilities,Service Worker,Operations,Facilities Operations,Facilities Operations,1,1,1,,,
Districtwide Support,Warehousing and Distribution,Operator,Operations,Facilities Operations Administrative,Facilities Operations,1,1,1,,,
Basic Education,Curriculum,Other District Administrator,Chief Academics Office,Ethnic Studies,Academics,1,1,1,,,
Basic Education,Curriculum,Professional,Chief Academics Office,Ethnic Studies,Academics,1,1,1,,,
Basic Education,Guidance and Counseling,Aide,Chief Academics Office,African American Male Achievement,Student & School Support,1,1,1,,,
Basic Education,Guidance and Counseling,Counselor,Chief Academics Office,Coordinated School Health,Student & School Support,1,1,1,,,
Basic Education,Guidance and Counseling,Director or Supervisor,Chief Academics Office,Coordinated School Health,Student & School Support,1,1,1,,,
Basic Education,Guidance and Counseling,Professional,Chief Academics Office,Coordinated School Health,Student & School Support,1,1,1,,,
Basic Education,Instructional Professional Development,Other Support Personnel,Chief Academics Office,Coordinated School Health,Student & School Support,1,1,1,,,
Basic Education,Instructional Professional Development,Other Support Personnel,Chief Academics Office,College & Career Readiness,Academics,1,1,1,,,
Basic Education,Learning Resources,Professional,Chief Academics Office,College & Career Readiness,Academics,1,1,1,,,
Basic Education,Principal's Office,Professional,Operations,Budget,Finance,1,1,1,,,
Basic Education,Principal's Office,Technical,Operations,Payroll,Finance,1,1,1,,,
Basic Education,Pupil Management and Safety,Office or Clerical,Chief Academics Office,Coordinated School Health,Student & School Support,1,1,1,,,
Basic Education,Supervision - Instruction,Deputy/Assistant Superintendent,Chief Academics Office,Academics,Academics,1,1,1,,,
Basic Education,Supervision - Instruction,Director or Supervisor,Accountability,Partnerships,Partnerships,1,1,1,,,
Basic Education,Supervision - Instruction,Director or Supervisor,Accountability,Measurement & Evaluation,Measurement & Evaluation,1,1,1,,,
Basic Education,Supervision - Instruction,Director or Supervisor,Chief Academics Office,Student & School Support,Student & School Support,1,1,1,,,
Basic Education,Supervision - Instruction,Director or Supervisor,Chief Academics Office,Native Studies,Academics,1,1,1,,,
Basic Education,Supervision - Instruction,Director or Supervisor,Chief Academics Office,Curriculum & Instruction,Academics,1,1,1,,,
Basic Education,Supervision - Instruction,Director or Supervisor,Chief Academics Office,Coordinated School Health,Student & School Support,1,1,1,,,
Basic Education,Supervision - Instruction,Director or Supervisor,Chief Academics Office,College & Career Readiness,Academics,1,1,1,,,
Basic Education,Supervision - Instruction,Director or Supervisor,Chief Academics Office,Chief Academics Office,Chief Academics Office,1,1,1,,,
Basic Education,Supervision - Instruction,Director or Supervisor,Chief Academics Office,African American Male Achievement,Student & School Support,1,1,1,,,
Basic Education,Supervision - Instruction,Director or Supervisor,Operations,Athletics,Athletics,1,1,1,,,
Basic Education,Supervision - Instruction,Office or Clerical,Chief Academics Office,Student & School Support,Student & School Support,1,1,1,,,
Basic Education,Supervision - Instruction,Office or Clerical,Chief Academics Office,Multilingual Services,Student & School Support,1,1,1,,,
Basic Education,Supervision - Instruction,Office or Clerical,Chief Academics Office,Curriculum & Instruction,Academics,1,1,1,,,
Basic Education,Supervision - Instruction,Office or Clerical,Chief Academics Office,Coordinated School Health,Student & School Support,1,1,1,,,
Basic Education,Supervision - Instruction,Office or Clerical,Chief Academics Office,Chief Academics Office,Chief Academics Office,1,1,1,,,
Basic Education,Supervision - Instruction,Other District Administrator,Chief Academics Office,Special Education & Inclusion,Student & School Support,1,1,1,,,
Basic Education,Supervision - Instruction,Other District Administrator,Chief Academics Office,Curriculum & Instruction,Academics,1,1,1,,,
Basic Education,Supervision - Instruction,Other District Administrator,Chief Academics Office,Coordinated School Health,Student & School Support,1,1,1,,,
Basic Education,Supervision - Instruction,Other District Administrator,Chief Academics Office,College & Career Readiness,Academics,1,1,1,,,
Basic Education,Supervision - Instruction,Other District Administrator,HR,Professional Growth & Development,HR,1,1,1,,,
Basic Education,Supervision - Instruction,Other Support Personnel,Chief Academics Office,African American Male Achievement,Student & School Support,1,1,1,,,
Basic Education,Supervision - Instruction,Other Support Personnel,HR,Professional Growth & Development,HR,1,1,1,,,
Basic Education,Supervision - Instruction,Professional,Chief Academics Office,Multilingual Services,Student & School Support,1,1,1,,,
Basic Education,Supervision - Instruction,Professional,Chief Academics Office,Ethnic Studies,Academics,1,1,1,,,
Basic Education,Supervision - Instruction,Professional,Chief Academics Office,Curriculum & Instruction,Academics,1,1,1,,,
Basic Education,Supervision - Instruction,Professional,Chief Academics Office,Coordinated School Health,Student & School Support,1,1,1,,,
Basic Education,Supervision - Instruction,Professional,Chief Academics Office,College & Career Readiness,Academics,1,1,1,,,
Basic Education,Supervision - Instruction,Professional,Chief Academics Office,African American Male Achievement,Student & School Support,1,1,1,,,
Basic Education,Supervision - Instruction,Professional,HR,Professional Growth & Development,HR,1,1,1,,,
Basic Education,Supervision - Instruction,Professional,Operations,Athletics,Athletics,1,1,1,,,
Basic Education,Supervision - Instruction,Professional,Public Affairs,Customer Service,Customer Service,1,1,1,,,
Basic Education,Teaching,Elementary Homeroom Teacher,Chief Academics Office,Curriculum & Instruction,Academics,1,1,1,,,
Basic Education,Teaching,Elementary Specialist Teacher,Chief Academics Office,Curriculum & Instruction,Academics,1,1,1,,,
Basic Education,Teaching,Office or Clerical,Operations,Capital Projects & Planning,Capital & Facilities,1,1,1,,,
Basic Education,Teaching,Other Teacher,Chief Academics Office,College & Career Readiness,Academics,1,1,1,,,
Basic Education,Teaching,Secondary Teacher,Chief Academics Office,Ethnic Studies,Academics,1,1,1,,,
Basic Education,Teaching,Secondary Teacher,Chief Academics Office,College & Career Readiness,Academics,1,1,1,,,
Basic Education,Teaching,Secondary Teacher,Interagency,Field,Interagency,1,1,1,,,
[unofficial] Capital Projects Fund,Capital Projects Fund,Crafts or Trades,Operations,Maintenance,Facilities Operations,1,1,1,,,
[unofficial] Capital Projects Fund,Capital Projects Fund,Director or Supervisor,Accountability,Partnerships,Partnerships,1,1,1,,,
[unofficial] Capital Projects Fund,Capital Projects Fund,Director or Supervisor,Internal Audit & Ethics,Internal Audit & Ethics,Internal Audit & Ethics,1,1,1,,,
[unofficial] Capital Projects Fund,Capital Projects Fund,Director or Supervisor,Operations,Technology Infrastructure,Technology,1,1,1,,,
[unofficial] Capital Projects Fund,Capital Projects Fund,Director or Supervisor,Operations,Operations,Operations,1,1,1,,,
[unofficial] Capital Projects Fund,Capital Projects Fund,Director or Supervisor,Operations,Network Operations,Technology,1,1,1,,,
[unofficial] Capital Projects Fund,Capital Projects Fund,Director or Supervisor,Operations,Grounds/Sports Complexes,Facilities Operations,1,1,1,,,
[unofficial] Capital Projects Fund,Capital Projects Fund,Director or Supervisor,Operations,Cyber Security,Technology,1,1,1,,,
[unofficial] Capital Projects Fund,Capital Projects Fund,Director or Supervisor,Operations,Custodial Services,Facilities Operations,1,1,1,,,
[unofficial] Capital Projects Fund,Capital Projects Fund,Director or Supervisor,Operations,Capital Projects & Planning,Capital & Facilities,1,1,1,,,
[unofficial] Capital Projects Fund,Capital Projects Fund,Director or Supervisor,Operations,Capital Finance,Finance,1,1,1,,,
[unofficial] Capital Projects Fund,Capital Projects Fund,Director or Supervisor,Operations,Capital & Facilities,Capital & Facilities,1,1,1,,,
[unofficial] Capital Projects Fund,Capital Projects Fund,Office or Clerical,Operations,Capital Projects & Planning,Capital & Facilities,1,1,1,,,
[unofficial] Capital Projects Fund,Capital Projects Fund,Office or Clerical,Operations,Capital & Facilities,Capital & Facilities,1,1,1,,,
[unofficial] Capital Projects Fund,Capital Projects Fund,Office or Clerical,Operations,Accounting,Finance,1,1,1,,,
[unofficial] Capital Projects Fund,Capital Projects Fund,Professional,Chief Academics Office,College & Career Readiness,Academics,1,1,1,,,
[unofficial] Capital Projects Fund,Capital Projects Fund,Professional,General Counsel,Archives,Archives,1,1,1,,,
[unofficial] Capital Projects Fund,Capital Projects Fund,Professional,HR,HR,HR,1,1,1,,,
[unofficial] Capital Projects Fund,Capital Projects Fund,Professional,Operations,Technology Support,Technology,1,1,1,,,
[unofficial] Capital Projects Fund,Capital Projects Fund,Professional,Operations,Systems Operations,Technology,1,1,1,,,
[unofficial] Capital Projects Fund,Capital Projects Fund,Professional,Operations,Plans & Programs,Technology,1,1,1,,,
[unofficial] Capital Projects Fund,Capital Projects Fund,Professional,Operations,Payroll,Finance,1,1,1,,,
[unofficial] Capital Projects Fund,Capital Projects Fund,Professional,Operations,Network Operations,Technology,1,1,1,,,
[unofficial] Capital Projects Fund,Capital Projects Fund,Professional,Operations,Information Systems & BI,Technology,1,1,1,,,
[unofficial] Capital Projects Fund,Capital Projects Fund,Professional,Operations,Digital Equity,Technology,1,1,1,,,
[unofficial] Capital Projects Fund,Capital Projects Fund,Professional,Operations,Cyber Security,Technology,1,1,1,,,
[unofficial] Capital Projects Fund,Capital Projects Fund,Professional,Operations,Capital Projects & Planning,Capital & Facilities,1,1,1,,,
[unofficial] Capital Projects Fund,Capital Projects Fund,Professional,Operations,Capital Finance,Finance,1,1,1,,,
[unofficial] Capital Projects Fund,Capital Projects Fund,Professional,Operations,Accounting,Finance,1,1,1,,,
[unofficial] Capital Projects Fund,Capital Projects Fund,Professional,Public Affairs,Web Services,Communications & Web,1,1,1,,,
[unofficial] Capital Projects Fund,Capital Projects Fund,Technical,Operations,Technology Support,Technology,1,1,1,,,
[unofficial] Capital Projects Fund,Capital Projects Fund,Technical,Public Affairs,Web Services,Communications & Web,1,1,1,,,
Special Education - Supplemental - State,Health and Related Services,Speech-Language Pathologist or Audiologist,Chief Academics Office,Early Learning,Academics,1,1,1,,,
Special Education - Supplemental - State,Supervision - Instruction,Office or Clerical,Chief Academics Office,Special Education & Inclusion,Student & School Support,1,1,1,,,
Special Education - Supplemental - State,Supervision - Instruction,Other District Administrator,Chief Academics Office,Special Education & Inclusion,Student & School Support,1,1,1,,,
Special Education - Supplemental - State,Supervision - Instruction,Other District Administrator,Chief Academics Office,Early Learning,Academics,1,1,1,,,
Special Education - Supplemental - State,Supervision - Instruction,Professional,Chief Academics Office,Special Education & Inclusion,Student & School Support,1,1,1,,,
Special Education - Supplemental - State,Supervision - Instruction,Professional,Public Affairs,Communications/Media Relations,Communications & Web,1,1,1,,,
Special Education - Supplemental - State,Teaching,Aide,Interagency,Field,Interagency,1,1,1,,,
Special Education - Supplemental - State,Teaching,Other Support Personnel,Chief Academics Office,Special Education & Inclusion,Student & School Support,1,1,1,,,
Special Education - Supplemental - State,Teaching,Other Teacher,Chief Academics Office,Early Learning,Academics,1,1,1,,,
Special Education - Supplemental - State,Teaching,Other Teacher,Interagency,Field,Interagency,1,1,1,,,
Learning Assistance Program (LAP) - State,Guidance and Counseling,Aide,Chief Academics Office,Multilingual Services,Student & School Support,1,1,1,,,
Learning Assistance Program (LAP) - State,Guidance and Counseling,Aide,Interagency,Field,Interagency,1,1,1,,,
Learning Assistance Program (LAP) - State,Guidance and Counseling,Director or Supervisor,Chief Academics Office,African American Male Achievement,Student & School Support,1,1,1,,,
Learning Assistance Program (LAP) - State,Guidance and Counseling,Professional,Chief Academics Office,Coordinated School Health,Student & School Support,1,1,1,,,
Learning Assistance Program (LAP) - State,Instructional Professional Development,Other Support Personnel,Chief Academics Office,Curriculum & Instruction,Academics,1,1,1,,,
Learning Assistance Program (LAP) - State,Instructional Professional Development,Other Support Personnel,Operations,Grants,Finance,1,1,1,,,
Learning Assistance Program (LAP) - State,Supervision - Instruction,Director or Supervisor,Chief Academics Office,College & Career Readiness,Academics,1,1,1,,,
Learning Assistance Program (LAP) - State,Supervision - Instruction,Other District Administrator,Chief Academics Office,Coordinated School Health,Student & School Support,1,1,1,,,
Learning Assistance Program (LAP) - State,Supervision - Instruction,Professional,Chief Academics Office,Curriculum & Instruction,Academics,1,1,1,,,
Learning Assistance Program (LAP) - State,Supervision - Instruction,Professional,Chief Academics Office,College & Career Readiness,Academics,1,1,1,,,
Learning Assistance Program (LAP) - State,Teaching,Secondary Teacher,Interagency,Field,Interagency,1,1,1,,,
Instructional Programs - Other,Guidance and Counseling,Aide,Chief Academics Office,Coordinated School Health,Student & School Support,1,1,1,,,
Instructional Programs - Other,Guidance and Counseling,Aide,Chief Academics Office,African American Male Achievement,Student & School Support,1,1,1,,,
Instructional Programs - Other,Guidance and Counseling,Professional,Chief Academics Office,Curriculum & Instruction,Academics,1,1,1,,,
Instructional Programs - Other,Instructional Professional Development,Other Support Personnel,Interagency,Field,Interagency,1,1,1,,,
Instructional Programs - Other,Supervision - Instruction,Director or Supervisor,Chief Academics Office,Early Learning,Academics,1,1,1,,,
Instructional Programs - Other,Supervision - Instruction,Director or Supervisor,Chief Academics Office,Coordinated School Health,Student & School Support,1,1,1,,,
Instructional Programs - Other,Supervision - Instruction,Office or Clerical,Accountability,Partnerships,Partnerships,1,1,1,,,
Instructional Programs - Other,Supervision - Instruction,Office or Clerical,Chief Academics Office,Early Learning,Academics,1,1,1,,,
Instructional Programs - Other,Supervision - Instruction,Other Support Personnel,Chief Academics Office,Curriculum & Instruction,Academics,1,1,1,,,
Instructional Programs - Other,Teaching,Aide,Chief Academics Office,Early Learning,Academics,1,1,1,,,
Instructional Programs - Other,Teaching,Aide,Chief Academics Office,Coordinated School Health,Student & School Support,1,1,1,,,
Instructional Programs - Other,Teaching,Secondary Teacher,Interagency,Field,Interagency,1,1,1,,,
ESEA Disadvantaged - Federal,Guidance and Counseling,Aide,Chief Academics Office,Coordinated School Health,Student & School Support,1,1,1,,,
ESEA Disadvantaged - Federal,Guidance and Counseling,Aide,Public Affairs,Customer Service,Customer Service,1,1,1,,,
ESEA Disadvantaged - Federal,Guidance and Counseling,Professional,Chief Academics Office,Coordinated School Health,Student & School Support,1,1,1,,,
ESEA Disadvantaged - Federal,Instructional Professional Development,Other Support Personnel,Chief Academics Office,Multilingual Services,Student & School Support,1,1,1,,,
ESEA Disadvantaged - Federal,Instructional Professional Development,Other Support Personnel,Chief Academics Office,Curriculum & Instruction,Academics,1,1,1,,,
ESEA Disadvantaged - Federal,Supervision - Instruction,Director or Supervisor,Operations,Grants,Finance,1,1,1,,,
ESEA Disadvantaged - Federal,Supervision - Instruction,Office or Clerical,Chief Academics Office,Early Learning,Academics,1,1,1,,,
Vocational - Basic - State,Curriculum,Other Support Personnel,Chief Academics Office,College & Career Readiness,Academics,1,1,1,,,
Vocational - Basic - State,Guidance and Counseling,Counselor,Chief Academics Office,College & Career Readiness,Academics,1,1,1,,,
Vocational - Basic - State,Supervision - Instruction,Office or Clerical,Chief Academics Office,College & Career Readiness,Academics,1,1,1,,,
Vocational - Basic - State,Supervision - Instruction,Other District Administrator,Chief Academics Office,College & Career Readiness,Academics,1,1,1,,,
Vocational - Basic - State,Supervision - Instruction,Professional,Chief Academics Office,College & Career Readiness,Academics,1,1,1,,,
Vocational - Basic - State,Teaching,Aide,Chief Academics Office,College & Career Readiness,Academics,1,1,1,,,
Vocational - Basic - State,Teaching,Secondary Teacher,Chief Academics Office,College & Career Readiness,Academics,1,1,1,,,
Vocational - Basic - State,Teaching,Secondary Teacher,Interagency,Field,Interagency,1,1,1,,,
Transitional Bilingual - State,Guidance and Counseling,Aide,Chief Academics Office,Multilingual Services,Student & School Support,1,1,1,,,
Transitional Bilingual - State,Instructional Professional Development,Other Support Personnel,Chief Academics Office,Multilingual Services,Student & School Support,1,1,1,,,
Transitional Bilingual - State,Supervision - Instruction,Other District Administrator,Chief Academics Office,Multilingual Services,Student & School Support,1,1,1,,,
Transitional Bilingual - State,Teaching,Aide,Interagency,Field,Interagency,1,1,1,,,
Special Education - Supplemental - Federal,Instructional Professional Development,Other Teacher,Chief Academics Office,Early Learning,Academics,1,1,1,,,
Special Education - Supplemental - Federal,Supervision - Instruction,Other District Administrator,Chief Academics Office,Special Education & Inclusion,Student & School Support,1,1,1,,,
Public Radio and Television,Learning Resources,Director or Supervisor,Chief Academics Office,College & Career Readiness,Academics,1,1,1,,,
Public Radio and Television,Learning Resources,Director or Supervisor,Public Affairs,SPSTV,SPSTV,1,1,1,,,
Public Radio and Television,Learning Resources,Office or Clerical,Chief Academics Office,College & Career Readiness,Academics,1,1,1,,,
Public Radio and Television,Learning Resources,Professional,Chief Academics Office,College & Career Readiness,Academics,1,1,1,,,
Public Radio and Television,Learning Resources,Professional,Public Affairs,SPSTV,SPSTV,1,1,1,,,
Other Title Grants Under ESEA,Guidance and Counseling,Professional,Chief Academics Office,Coordinated School Health,Student & School Support,1,1,1,,,
Other Title Grants Under ESEA,Supervision - Instruction,Professional,Operations,Grants,Finance,1,1,1,,,
State Institutions - Neglected and Delinquent - Federal,Guidance and Counseling,Aide,Interagency,Central Office,Interagency,1,1,1,,,
Special Purpose - ESSER III,Supervision - Instruction,Professional,Chief Academics Office,Ethnic Studies,Academics,1,1,1,,,
Special and Pilot Programs - State,Instructional Professional Development,Other Support Personnel,HR,Professional Growth & Development,HR,1,1,1,,,
School Food Services,Supervision - Food Service,Director or Supervisor,Well Resourced Schools,Culinary Services,School Operations,1,1,1,,,
School Food Services,Supervision - Food Service,Professional,Well Resourced Schools,Culinary Services,School Operations,1,1,1,,,
Pupil Transportation,Pupil Management and Safety,Aide,Well Resourced Schools,Transportation Field,School Operations,1,1,1,,,
Pupil Transportation,Supervision - Transportation,Director or Supervisor,Well Resourced Schools,Transportation Business Operations,School Operations,1,1,1,,,
Pupil Transportation,Supervision - Transportation,Office or Clerical,Well Resourced Schools,Transportation Business Operations,School Operations,1,1,1,,,
Pupil Transportation,Supervision - Transportation,Professional,Well Resourced Schools,Transportation Business Operations,School Operations,1,1,1,,,
Middle School Career and Technical Education - State,Curriculum,Other Support Personnel,Chief Academics Office,College & Career Readiness,Academics,1,1,1,,,
Limited English Proficiency - Federal,Guidance and Counseling,Aide,Chief Academics Office,Multilingual Services,Student & School Support,1,1,1,,,
Limited English Proficiency - Federal,Instructional Professional Development,Other Support Personnel,Chief Academics Office,Multilingual Services,Student & School Support,1,1,1,,,
Highly Capable,Instructional Professional Development,Other Support Personnel,Chief Academics Office,Advanced Learning,Student & School Support,1,1,1,,,
Highly Capable,Supervision - Instruction,Other District Administrator,Chief Academics Office,Advanced Learning,Student & School Support,1,1,1,,,
Highly Capable,Supervision - Instruction,Professional,Chief Academics Office,Advanced Learning,Student & School Support,1,1,1,,,
Head Start - Federal,Health and Related Services,Professional,Chief Academics Office,Early Learning,Academics,1,1,1,,,
Head Start - Federal,Instructional Professional Development,Other Support Personnel,Chief Academics Office,Early Learning,Academics,1,1,1,,,
Head Start - Federal,Supervision - Instruction,Office or Clerical,Chief Academics Office,Early Learning,Academics,1,1,1,,,
Head Start - Federal,Supervision - Instruction,Professional,Chief Academics Office,Early Learning,Academics,1,1,1,,,
ESEA Migrant - Federal,Guidance and Counseling,Aide,Chief Academics Office,Multilingual Services,Student & School Support,1,1,1,,,
Basic Education - Alternative learning Experience,Principal's Office,Office or Clerical,Interagency,Central Office,Interagency,1,1,1,,,
Basic Education - Alternative learning Experience,Principal's Office,Secondary Vice Principal,Interagency,Field,Interagency,1,1,1,,,
Basic Education - Alternative learning Experience,Teaching,Aide,Interagency,Field,Interagency,1,1,1,,,
Basic Education - Alternative learning Experience,Teaching,Aide,Interagency,Central Office,Interagency,1,1,1,,,
Basic Education - Alternative learning Experience,Teaching,Other Teacher,Interagency,Field,Interagency,1,1,1,,,
Basic Education - Alternative learning Experience,Teaching,Secondary Teacher,Interagency,Field,Interagency,1,1,1,,,